_id_	en	sv	da	nl	fi	de	nb
### Login page							
username	Username	Användarnamn	Brugernavn	Gebruikersnaam	Käyttäjätunnus	Benutzername	Brukernavn
password	Password	Lösenord	Adgangskode	Wachtwoord	Salasana	Passwort	Passord
loginHintMP	Use your myAbilia account to Log in	Använd ditt myAbilia-konto för att logga in	Brug din myAbilia-konto til at logge ind	Gebruik uw myAbilia-account om in te loggen	Kirjaudu sisään myAbilia-tililläsi	Verwenden Sie Ihr myAbilia-Konto, um sich anzumelden	Bruk myAbilia-kontoen din for å logge på
loginHintMPGO	Login with the same username and password as on your MEMOplanner	Logga in med samma användarnamn och lösenord som på din MEMOplanner	Log ind med samme brugernavn og adgangskode som på din MEMOplanner	Log in met dezelfde gebruikersnaam en hetzelfde wachtwoord als op uw MEMOplanner	Kirjaudu sisään samalla käyttäjänimellä ja salasanalla kuin MEMOplannerilla	Melden Sie sich mit demselben Benutzernamen und Passwort wie auf Ihrem MEMOplanner an	Logg inn med samme brukernavn og passord som på MEMOplanner
login	Log in	Logga in	Log ind	Inloggen	Kirjaudu sisään	Anmelden	Logg inn
logout	Log out	Logga ut	Log ud	Uitloggen	Kirjaudu ulos	Abmelden	Logg ut
wrongCredentials	Username or password doesn't match.\nVerify your credentials and try again.	Användarnamn eller lösenord stämmer inte.\nKontrollera att du har skrivit rätt och försök igen.	Brugernavn eller adgangskode er ikke korrekt.\nKontroller at du har skrevet det rigtigt og forsøg igen.	Gebruikersnaam of wachtwoord komt niet overeen.\nControleer uw gegevens en probeer opnieuw.	Käyttäjätunnus tai salasana ei täsmää.\nVahvista tunnistetiedot ja yritä uudelleen.	Benutzername oder Passwort unkorrekt.\nBitte Anmeldedaten prüfen und nochmals versuchen.	Brukernavn eller passord er ikke riktig.\nKontroller at du har skrevet riktig og prøv igjen.
noConnection	No contact with myAbilia. Check your Internet connection.	Ingen kontakt med myAbilia. Kontrollera din internetanslutning.	Enheden er ikke tilsluttet myAbilia. Kontroller din internetforbindelse.	Het apparaat is niet aangesloten op het myAbilia. Controleer uw internetverbinding.	Laitetta ei ole yhdistetty myAbilia. Tarkista Internet-yhteys.	Das Gerät ist nicht mit dem myAbilia verbunden. Überprüfen Sie Ihre Internetverbindung.	Enheten er ikke koblet til myAbilia. Sjekk din Internettforbindelse.
enterUsername	Enter username	Ange ditt användarnamn	Angiv dit brugernavn	Gebruikersnaam invoeren	Anna käyttäjätunnus	Benutzername eingeben	Angi ditt brukernavn
enterPassword	Enter password	Ange ditt lösenord	Angiv din adgangskode	Wachtwoord invoeren	Anna salasana	Passwort eingeben	Angi ditt passord
userTypeNotSupported	Users of type Support person or Admin can't log in to MEMOPlanner. Please use myAbilia.	Användare av typen Supportperson eller Admin kan inte logga in i MEMOPlanner. Var vänlig använd myAbilia.	Supportere eller Admin-brugere kan ikke logge ind på MEMOplanner. Brug venligst myAbilia.	Gebruikers van het type Ondersteuningspersoon of Beheerder kunnen niet inloggen op MEMOPlanner. Gebruik myAbilia.	Users of type Support person or Admin can't log in to MEMOPlanner. Please use myAbilia.	Benutzer vom Typ Supportperson oder Admin können sich nicht bei MEMOPlanner anmelden. Bitte verwenden Sie myAbilia.	Brukere av typen Støtteperson eller Admin kan ikke logge inn på MEMOplanner. Vennligst bruk myAbilia.
loggedOutMessage	You have been logged out. Please log in again.	Du har blivit utloggad. Vänligen logga in igen.	Du er blevet logget ud. Log ind igen.	U bent uitgelogd. Log alstublieft opnieuw in.	Olet kirjautunut ulos. Kirjaudu sisään uudelleen.	Sie wurden abgemeldet. Bitte melden Sie sich erneut an.	Du har blitt logget ut. Logg på igjen.
resetDeviceHeading	Reset device	Återställ enheten	Nulstil enheden	Reset het apparaat	Nollaa laite	Rückstelleinrichtung	Tilbakestill enheten
resetDeviceBody	Do you really want to reset the device? You will be redirected to the first page of the initial startup guide.	Vill du verkligen återställa enheten? Efter det kommer första sidan i konfigurationsguiden att visas.	Er du sikker på, at du vil nulstille din enhed? Derefter vises den første side i konfigurationsguiden.	Wil je het apparaat echt resetten? U wordt doorgestuurd naar de eerste pagina van de initiële opstartgids.	Haluatko todella nollata laitteen? Sinut ohjataan ensimmäisen aloitusoppaan ensimmäiselle sivulle.	Möchten Sie das Gerät wirklich zurücksetzen? Sie werden auf die erste Seite der Erstinbetriebnahmeanleitung weitergeleitet.	Er du sikker på at du vil tilbakestille enheten? Etter det vil den første siden av konfigurasjonsveiledningen vises.
							
### Create Account							
createAccountHint	Don’t have a myAbilia account yet?	Har du inte ett myAbilia konto än?	Har du ikke en myAbilia-konto endnu?	Heeft u nog geen myAbilia-account?	Eikö sinulla ole vielä myAbilia-tiliä?	Sie haben noch kein myAbilia-Konto?	Har du ikke en myAbilia-konto ennå?
createAccount	Create Account	Skapa konto	Opret konto	Maak account	Luo tili	Benutzerkonto erstellen	Opprett konto
createAccountHeading	Create your account in myAbilia	Skapa ditt konto i myAbilia	Opret din konto i myAbilia	Creëer uw account in myAbilia	Luo tili myAbiliassa	Erstellen Sie Ihr Konto in myAbilia	Opprett kontoen din i myAbilia
createAccountSubheading	You need a myAbilia account to use MEMOplanner	Du behöver ett myAbilia-konto för att kunna använda MEMOplanner	Du har brug for en myAbilia-konto for at bruge MEMOplanner	U heeft een myAbilia-account nodig om MEMOplanner te gebruiken	Tarvitset myAbilia-tilin käyttääksesi MEMOplanneria	Sie benötigen ein myAbilia-Konto, um MEMOplanner verwenden zu können	Du trenger en myAbilia-konto for å bruke MEMOplanner
acceptTerms	I have read and agree to	Jag har läst och godkänner	Jeg har læst og accepterer	Ik heb gelezen en akkoord gegaan	Olen lukenut ja sopineet	Ich habe gelesen und bin damit einverstanden	Jeg har lest og godtar
termsOfUse	terms of use	användarvillkor	brugervillkår	gebruiksvoorwaarden	käyttöehdot	nutzungsbedingungen	brukervillkår
termsOfUseUrl	intl/terms-of-use	sv/anvandarvillkor	intl/terms-of-use	intl/terms-of-use	intl/terms-of-use	intl/terms-of-use	nb/brukervilkar
privacyPolicy	privacy policy	personuppgiftspolicy	persondatapolitik	privacybeleid	tietosuojakäytäntö	datenschutzbestimmungen	personvernerklæring
privacyPolicyUrl	intl/policy-for-the-processing-of-personal-data	sv/personuppgiftspolicy	intl/policy-for-the-processing-of-personal-data	intl/policy-for-the-processing-of-personal-data	intl/policy-for-the-processing-of-personal-data	intl/policy-for-the-processing-of-personal-data	nb/personvernerklaering
usernameHint	Username (phone number or email)	Användarnamn (telefonnummer eller e-post)	Brugernavn (telefon eller en e-mail)	Gebruikersnaam (telefoon of een e-mail)	Käyttäjätunnus (puhelin tai sähköpostiosoite)	Benutzername (telefon oder E-Mail)	Brukernavn (telefon eller en e-post)
passwordHint	Password (minimum 12 characters)	Lösenord (minst 12 tecken)	Adgangskode (mindst 12 tegn)	Wachtwoord (minimaal 12 tekens)	Salasanassa (vähintään 12 merkkiä)	Passwort (mindestens 12 Zeichen)	Passord (minimum 12 tegn)
confirmPassword	Confirm password	Bekräfta lösenordet	Bekræft adgangskoden	Wachtwoord bevestigen	Vahvista salasana	Passwort bestätigen	Bekreft passordet
usernameToShort	Username or email is invalid, must contain at least three characters	Användarnamn eller e-postadress är ogiltig, måste innehålla minst tre tecken	Brugernavn eller e-mail er ugyldig, skal indeholde mindst tre tegn	Gebruikersnaam of e-mail is ongeldig, moet ten minste drie tekens bevatten	Käyttäjätunnus tai sähköpostiosoite on virheellinen, niissä on oltava vähintään kolme merkkiä	Benutzername oder E-Mail ungültig - Mindestlänge drei Zeichen	Brukernavn eller e-postadresse er ugyldig, må inneholde minst tre tegn
passwordToShort	The password must consist of at least 12 characters	Lösenordet måste bestå av minst 12 tecken	Adgangskoden skal bestå af mindst 12 tegn	Het wachtwoord moet ten minste 12 tekens bevatten	Salasanassa on oltava vähintään 12 merkkiä	Das Passwort muss mindestens 12 Zeichen lang sein	Passordet må bestå av minst 12 tegn
passwordMismatch	Both passwords must be the same	Lösenorden måste vara likadana	Begge adgangskoder skal være de samme	Beide wachtwoorden moeten hetzelfde zijn	Molempien salasanojen on oltava samat	Beide Passwörter müssen identisch sein	Begge passordene må være de samme
confirmTermsOfUse	Confirm terms of use	Bekräfta användarvillkor	Bekræft brugervilkår	Bevestig de gebruiksvoorwaarden	Vahvista käyttöehdot	Bestätigen Sie die Nutzungsbedingungen	Bekreft brukervilkår
confirmPrivacyPolicy	Confirm privacy policy	Bekräfta personuppgiftspolicy	Bekræft persondatapolitik	Bevestig privacybeleid	Vahvista tietosuojakäytäntö	Bestätigen Sie die Datenschutzbestimmungen	Bekreft personvernerklæring
usernameTaken	Username/email address is already in use	Användarnamn/e-postadress används redan	Brugernavn/e-mail-adresse er allerede i brug	Gebruikersnaam/e-mailadres is reeds in gebruik	Käyttäjätunnus/sähköpostiosoite on jo käytössä	Benutzername/E-Mail-Adresse bereit in Gebrauch.	Brukernavn/e-postadresse er allerede i bruk
unknownError	Unknown error	Okänt fel	Ukendt fejl	Onbekende fout	Tuntematon virhe	Unbekannter Fehler	Ukjent feil
accountCreatedHeading	Account created	Konto skapat	Konto oprettet	Account gecreëerd	Tili luotu puolivälissä	Konto erstellt	Konto opprettet
accountCreatedBody	Your account has been created.\nYou can login using your username and password	Ditt konto har skapats.\nDu kan logga in med ditt användarnamn och lösenord	Din konto er oprettet.\nDu kan logge ind med dit brugernavn og din adgangskode	Uw account is gecreëerd.\nU kunt inloggen met uw gebruikersnaam en wachtwoord	Tili on luotu.\nVoit kirjautua sisään käyttämällä käyttäjätunnustasi ja salasanaasi	Ihr Konto wurde erstellt.\nSie können sich mit Ihrem Benutzernamen und Passwort anmelden	Kontoen din er opprettet.\nDu kan logge inn ved å bruke ditt brukernavn og passord
browser	Browser	Webbläsare	Browser	Browser	Selain	Browser	Nettleser
backToLogin	Back to Login	Tillbaka till login	Zurück zur Anmeldung	Zurück zur Anmeldung	Takaisin sisäänkirjautumiseen	Zurück zur Anmeldung	Tilbake til innlogging
							
### License							
noLicense	This account has no valid license.	Det här kontot saknar giltig licens. Du kan därför inte logga in.	Problemer med at logge ind!\nDu har ikke en gyldig licens.	Dit account heeft geen geldige licentie.	Tällä tilillä ei ole kelvollista lisenssiä.	Für dieses Konto gibt es keine gültige Lizenz.	Problemer med å logge inn!\nDu har ikke en gyldig lisens.
licenseExpired	License is expired	Licensen har gått ut	Licensen er udløbet	Licentie verlopen	Lisenssi on vanhentunut	Lizenz abgelaufen	Lisensen har utløpt
licenseExpiredMessage	Your license has expired and MEMOplanner will no longer synchronize with myAbilia	Licensen har gått ut och MEMOplanner kommer inte längre att synkronisera med myAbilia	Licensen er udløbet, og MEMOplanner vil ikke længere synkronisere med myAbilia	Uw licentie is verlopen en MEMOplanner zal niet langer synchroniseren met myAbilia	Lisenssisi on vanhentunut, eikä MEMOplanner enää synkronoidu myAbilian kanssa	Ihre Lizenz ist abgelaufen und MEMOplanner kann nicht mehr mit myAbilia synchronisiert werden	Lisensen har utløpt og Memoplanner vil ikke lenger kunne synkronisere med myAbilia
toLogin	to Log in	till Logga in	til Log ind	naar Inloggen	kirjautumissivulle	zur Anmelden	til Logg inn
licenseExpiredLogOutWarning	License is expired, all data will be lost if you log out						
							
### Time related							
fullDay	All day	Heldag	Hele dagen	Hele dag	Koko päivä	Ganztägig	Hele dagen
earlyMorning	early morning	morgon	morgen	ochtend	aamu	frühmorgens	morgen
midMorning	mid-morning	förmiddag	formiddag	midden-ochtend	aamupäivän puolivälissä	Vormittag	formiddag
lunch	Lunch	Lunch	Frokost	Lunch	Lounas	Mittagessen	Lunsj
afternoon	afternoon	eftermiddag	eftermiddag	middag	iltapäivä	Nachmittag	ettermiddag
evening	evening	kväll	aften	avond	ilta	Abend	kveld
night	night	natt	nat	nacht	yö	Nacht	natt
today	Today	Idag	I dag	Vandaag	Tänään	Heute	I dag
days	days	dagar	dage	dagen	päivää	Tage	dager
day	day	dag	dag	dag	päivä	Tag	dag
hours	hours	timmar	timer	uur	tunnit	Stunden	timer
hour	hour	timme	time	uur	tunti	Stunde	time
h	h	t	t	u	t	S	t
minutes	minutes	minuter	minutter	minuten	minuuttia	Minuten	minutter
minute	minute	minut	minut	minuut	minuutti	Minute	minutt
seconds	seconds	sekunder	sekunder	seconden	sekuntia	Sekunden	sekunder
second	second	sekund	sekund	seconde	sekunti	Sekunde	sekund
min	min	min	min	min	min	Min	min
am	AM	fm	am	am	am	am	am
pm	PM	em	pm	pm	pm	pm	pm
# https://en.wikipedia.org/wiki/Inessive_case							
dayInessive	&empty&	&empty&	&empty&	&empty&	päivässä	&empty&	&empty&
hourInessive	&empty&	&empty&	&empty&	&empty&	tunnissa	&empty&	&empty&
minuteInessive	&empty&	&empty&	&empty&	&empty&	minuutissa	&empty&	&empty&
now	Now	Nu	Nu	Nu	Nyt	Jetzt	Nå
week	week	vecka	uge	week	viikko	Woche	uke
month	Month	Månad	Måned	Maand	Kuukausi	Monat	Måned
clockTheTimeIsTts	the time is %s	Klockan är %s	Klokken er %s	De tijd is %s	Kello on %s	Die Uhrzeit ist %s	Klokken er %s
clockFiveMinutesPastTts	five past %s	Fem minuter över %s	Fem minutter over %s	vijf over %s	viisi yli %s	5 Minuten nach %s	Fem over %s
clockFiveMinutesHalfPastTts	twenty five to %s	Fem över halv %s	Fem over halv %s	vijfentwintig voor %s	kaksikymmentäviisi vaille %s	25 Minuten vor %s	Fem over halv %s
clockFiveMinutesToTts	five to %s	Fem minuter i %s	Fem minutter i %s	vijf voor %s	viisi vaille %s	5 Minuten vor %s	Fem på %s
clockFiveMinutesToHalfPastTts	twenty five past %s	Fem i halv %s	Fem i halv %s	vijfentwintig over %s	kaksikymmentäviisi yli %s	25 Minuten nach %s	Fem på halv %s
clockHalfPastTts	Half past %s	Halv %s	Halv %s	Dertig over %s	%s kolmekymmentä	30 Minuten nach %s	Halv %s
clockQuarterPastTts	quarter past %s	Kvart över %s	Kvart over %s	kwart over %s	viisitoista yli %s	15 Minuten nach %s	Kvart over %s
clockQuarterToTts	Quarter to %s	Kvart i %s	Kvart i %s	Kwart voor %s	Viisitoista vaille %s	15 Minuten vor %s	Kvart på %s
clockTenMinutesPastTts	ten past %s	Tio minuter över %s	Ti minutter over %s	tien over %s	kymmenen yli %s	10 Minuten nach %s	Ti over %s
clockTenMinutesToTts	ten to %s	Tio minuter i %s	Ti minutter i %s	tien voor %s	kymmentä vaille %s	10 Minuten vor %s	Ti på %s
clockTwentyMinutesPastTts	twenty past %s	Tjugo minuter över %s	Tyve minutter over %s	twintig over %s	kaksikymmentä yli %s	20 Minuten nach %s	Ti på halv %s
clockTwentyMinutesToTts	twenty to %s	Tjugo minuter i %s	Tyve minutter i %s	tien over half %s	kaksikymmentä vaille %s	20 Minuten vor %s	Ti over halv %s
nbOneAClock	one o clock	&empty&	&empty&	&empty&	&empty&	&empty&	: ett
timeMorningTts	%s in the early morning	%s på morgonen	%s om morgenen	%s in de ochtend	%s varhain aamulla	%s frühmorgens	%s på morgen
timeForeNoonTts	%s in the mid-morning	%s på förmiddagen	%s om formiddagen	%s halverwege de ochtend	%s aamupäivän puolivälissä	%s vormittags	%s på formiddagen
timeAfternoonTts	%s in the afternoon	%s på eftermiddagen	%s om eftermiddagen	%s 's middags	%s iltapäivällä	%s nachmittags	%s på ettermiddagen
timeEveningTts	%s in the evening	%s på kvällen	%s om aftenen	%s 's avonds	%s illalla	%s nachmittags	%s på kvelden
timeNightTts	%s at night	%s på natten	%s om natten	%s 's nachts	%s yöllä	%s abends	%s på natten
timerInvalidDuration	Duration can not be zero.	Tidslängden kan inte vara noll.	Varigheden kan ikke være nul.	De duur kan niet nul zijn.	Kesto ei voi olla nolla.	Dauer kann nicht Null sein	Varigheten kan ikke være null.
timerDelete	Do you want to delete the timer?	Vill du radera timern?	Ønsker du at slette timeren?	Wilt u de timer verwijderen?	Haluatko poistaa ajastimen?	Möchten Sie den Timer löschen?	Vil du slette timeren?
timerPause	Do you want to pause the timer?	Vill du pausa timern?	Ønsker du at sætte timeren på pause?	Wilt u de timer pauzeren?	Haluatko keskeyttää ajastimen?	Möchten Sie den Timer pausieren?	Vil du sette timeren på pause?
timerResume	Do you want to continue the timer?	Vill du fortsätta timern?	Ønsker du at fortsætte timeren?	Wilt u doorgaan met de timer?	Haluatko jatkaa ajastimen käyttöä?	Möchten Sie den Timer fortsetzen?	Vil du fortsette timeren?
timerPaused	Paused	Pausad	Sat på pause	Gepauzeerd	Keskeytetty	Pausiert	Pauset
pause	Pause	Pausa	Pause	Pauzeren	Keskeytä	Pausieren	Pause
continue_	Continue	Fortsätt	Fortsæt	Doorgaan	Jatka	Fortsetzen	Fortsette
							
### Activity related							
activity	Activity	Aktivitet	Aktivitet	Activiteit	Aktiviteetti	Aktivität	Aktivitet
reminders	Reminders	Påminnelser	Påmindelser	Herinneringen	Muistutukset	Erinnerungen	Påminnelser
reminder	Reminder	Påminnelse	Påmindelse	Herinnering	Muistutus	Erinnerung	Påminnelse
alarm	Alarm	Larm	Alarm	Alarm	Hälytys	Alarm	Alarm
endsNow	Ends now	Slutar nu	Ënder nå	Eindigt nu	Päättyy nyt	Endet jetzt	Slutter nå
startsNow	Starts now	Börjar nu	Starter nå	Begint nu	Alkaa nyt	Beginnt jetzt	Starter nå
noActivities	No activities today	Inga aktiviteter idag	Ingen aktiviteter i dag	Geen activiteiten vandaag	Ei toimintaa tänään	Keine Aktivitäten heute	Ingen aktiviteter i dag
left	Left	Vänster	Venstre	Links	Vasen	Links	Venstre
right	Right	Höger	Højre	Rechts	Oikea	Rechts	Høyre
check	Check	Kvittera	Kvittere	Afvinken	Tarkista	Kontrollieren	Kvittere
undo	Undo	Ångra	Fortryd	Ongedaan maken	Peruuta	Rückgängig	Angre
deleteActivityQuestion	Do you want to delete this activity?	Är du säker på att du vill radera aktiviteten?	Er du sikker på, at du vil slette aktiviteten?	Wilt u deze activiteit verwijderen?	Haluatko poistaa tämän aktiviteetin?	Möchten Sie diese Aktivität löschen?	Er du sikker på at du vil slette aktiviteten?
editRecurringActivity	Edit recurring activity	Ändra återkommande aktivitet	Ændre gentagende aktivitet	Terugkerende activiteit bewerken	Muokkaa toistuvaa aktiviteettia	Wiederkehrende Aktivität bearbeiten	Endre gjentakende aktivitet
deleteRecurringActivity	Delete recurring activity	Radera återkommande aktivitet	Slet gentagende aktivitet	Terugkerende activiteit verwijder	Poista toistuva aktiviteettia	Wiederkehrende Aktivitäten löschen	Slett gjentakende aktivitet
onlyThisDay	Only this day	Endast denna dag	Kun denne dag	Alleen deze dag	Vain tänä päivänä	Nur an diesem Tag	Bare denne dagen
allDays	All days	Alla dagar	Alle dage	Alle dagen	Kaikki päivät	Alle Tage	Alle dager
allDay	All day	Heldag	Hele dagen	Hele dag	Koko päivä	Ganztägig	Hele dagen
thisDayAndForward	This day and forward	Denna dag och framåt	Denne dag og frem	Deze dag en verder	Tästä päivästä lähtien	Von diesem Tag an	Denne dagen og fremover
completed	Completed?	Klar?	Færdig?	Afgerond?	Valmis?	Bist Du fertig?	Ferdig?
unCheckActivityQuestion	Do you want to uncheck the activity?	Vill du ångra kvitteringen av aktiviteten?	Vil du fjerne markeringen af aktiviteten?	Wilt u de activiteit uitvinken?	Haluatko poistaa valinnan aktiviteetista?	Möchten Sie die Auswahl rückgängig machen?	Vil du fjerne merket for aktiviteten?
inTimePre	in	om	om	in	&empty&	in	om
timeAgoPre	&empty&	för	for	&empty&	&empty&	vor	for
timeAgoPost	ago	sen	siden	geleden	sitten	&empty&	siden
checklistDoneInfo	All checklist tasks in your activity are completed. Do you want to complete the activity?	Alla uppgifter är avklarade. Vill du klarmarkera aktiviteten?	Alle oppgaver er afsluttet.  Vil du merke aktiviteten som færdig?	Alle checklisttaken in uw activiteit zijn voltooid. Wil je de activiteit afmaken?	Kaikki aktiviteettisi tarkistusluettelotehtävät on suoritettu. Haluatko suorittaa toiminnon loppuun?	Alle Checklistenaufgaben in Ihrer Aktivität sind abgeschlossen. Möchten Sie die Aktivität abschließen?	Alle oppgavene er utført.  Vil du merke aktiviteten som ferdig?
templates	Templates	Mallar	Skabeloner	Sjablonen	Mallit	Vorlagen	Maler
activities	Activities	Aktiviteter	Aktiviteter	Activiteiten	Aktiviteetit	Aktivitäten	Aktiviteter
timeTo	to	till	til	tot	-	bis	til
							
### Timer related							
addTimer	Add Timer	Lägga in timer	Tilføj timer	Timer toevoegen	Lisää ajastin	Timer hinzufügen	Legg inn timer
start	Start	Starta	Start	Begin	Alkaa	Anfang	Start
newTimer	New timer	Ny timer	Ny timer	Nieuwe timer	Uusi ajastin	Neue timer	Ny timere
selectDuration	Select duration	Välj tidslängd	Angiv varighed	Duur selecteren	Valitse kesto	Dauer auswählen	Angi varighet
startTimer	Start timer	Starta timer	Start timeren	Start timer	Käynnistysajastin	Timer starten	Start timer
enterNameForTimer	Enter name for timer	Ange namn för timer	Indtast navn på timer	Voer naam in voor timer	Lisää nimi ajastimeen	Namen für den Timer angeben	Angi navn på timer
selectTemplateTimer	Select timer	Välj timer	Vælg timer	Timers selecteren	Valitse ajastin	Timer auswählen	Velg timere
timer	Timer	Timer	Timer	Tijdopnemer	Ajastin	Timer	Timer
timeIsUp	Time is up	Tiden är slut	Tiden er gået	De tijd is om	Aika loppui	Die Zeit ist abgelaufen	Tiden er slutt
timers	Timers	Timers	Timere	Timers	Ajastimet	Timer	Timere
editTimer	Edit timer	Ändra timer	Rediger timer	Timer bewerken	Muokkaa ajastin	Timer bearbeiten	Endre timere
newTimerTemplate	New timer template	Ny timermall	Ny timerskabelon	Nieuw timersjabloon	Uusi ajastinmallipohja	Neue Timervorlage	Ny timer mal
editTimerTemplate	Edit timer template	Ändra timermall	Rediger timerskabelon	Timersjabloon bewerken	Muokkaa ajastinmallipohjaa	Timervorlage bearbeiten	Rediger timer mal
							
### Miscellaneous							
menu	Menu	Meny	Menu	Menu	Valikko	Menü	Meny
cancel	Cancel	Avbryt	Annuller	Annuleren	Peruuta	Abbrechen	Avbryt
yes	Yes	Ja	Ja	Ja	Joo	Ja	Ja
no	No	Nej	Nej	Nee	Ei	Nein	Nei
close	Close	Stäng	Tæt	Dichtbij	Kiinni	Schließen	Lukk
back	Previous	Tillbaka	Tilbage	Terug	Takaisin	Zurück	Tilbake
next	Next	Nästa	Næste	Volgende	Seuraava	Nächster	Neste
ok	OK	OK	OK	OK	OK	OK	OK
record	Record	Spela in	Indspil	Opnemen	Nauhoita	Aufnahme	Spill inn
newText	New	Ny	Ny	Nieuw	Uusi	Neu	Ny
							
### Edit activity							
fromTemplate	From template	Från mall	Fra skabelon	Uit sjabloon	Mallit	Von vorlage	Fra malen
newActivity	New activity	Ny aktivitet	Ny aktivitet	Nieuw activiteit	Uusi aktiviteettia	Neu Aktivität	Ny aktivitet
editActivity	Edit activity	Ändra aktivitet	Rediger aktivitet	Activiteit bewerken	Muokkaa aktiviteettia	Aktivität bearbeiten	Endre aktivitet
newActivityTemplate	New activity template	Ny aktivitetsmall	Ny aktivitetsskabelon	Nieuw activiteitsjabloon	Uusi toimintomallipohja	Neue Aktivitätsvorlage	Ny aktivitet mal
editActivityTemplate	Edit activity template	Ändra aktivitetsmall	Rediger aktivitetsskabelon	Activiteitsjabloon bewerken	Muokkaa toimintomallipohjaa	Aktivitätsvorlage bearbeiten	Rediger aktivitet mal
category	Category	Kategori	Kategori	Categorie	Kategoria	Kategorie	Kategori
checkable	Checkable	Kvitterbar	Kvitterbar	Afvinkbaar	Tarkistettava	Kontrollabfrage	Kvitterbar
notCheckable	Not checkable	Inte kvitterbar	Ikke kvitterbar	Niet afvinkbaar	Ei-tarkistettava	Nicht kontrollabfrage	Ikke kvitterbar
deleteAfter	Delete at the end of the day	Radera vid slutet av dagen	Fjern i slutningen af dagen	Aan het einde van de dag verwijderen	Poista päivän päätteeksi	am Endes des Tages löschen	Fjern på slutten av dagen
dontDeleteAfter	Don't remove at the end of the day	Ta inte bort vid slutet av dagen	Fjern ikke ved slutningen af ​​dagen	Niet verwijderen aan het einde van de dag	Älä poista päivän päätteeksi	Nicht am Ende des Tages entfernen	Ikke fjern på slutten av dagen
name	Name	Namn	Navn	Naam	Nimi	Name	Navn
picture	Image	Bild	Billede	Afbeelding	Kuva	Bild	Bilde
date	Date	Datum	Dato	Datum	Päivämäärä	Datum	Dato
startTime	Start time	Starttid	Starttid	Starttijd	Aloitusaika	Startzeit	Starttid
endTime	End time	Sluttid	Sluttid	Eindtijd	Päättymisaika	Endezeit	Sluttid
emptyFolder	The folder is empty	Mappen är tom	Mappen er tom	De map is leeg	Kansio on tyhjä	Der Ordner leer ist	Mappen er tom
noTemplates	You have no templates	Du har inga mallar	Du har ingen skabeloner	Je hebt geen sjablonen	Sinulla ei ole mallit	Sie haben keine vorlagen	Du har ingen maler
noChecklists	You have no checklists	Du har inga checklistor	Du har ingen tjeklister	Je hebt geen checklists	Sinulla ei ole tarkistuslistoja	Sie haben keine Checklisten	Du har ingen sjekklister
noNotes	You have no notes	Du har inga anteckningar	Du har ingen noter	Je hebt geen aantekeningen	Sinulla ei ole muistiinpanoja	Sie haben keine Notizen	Du har ingen notater
noImages	You have no images	Du har inga bilder	Du har ingen billeder	Je hebt geen afbeeldingen	Sinulla ei ole kuvia	Sie haben keine Bilder	Du har ingen bilder
setTime	Set time	Välj tid	Vælg tid	Tijd instellen	Aseta aika	Zeit einstellen	Velg tid
time	Time	Tid	Tid	Tijd	Aika	Zeit	Tid
save	Save	Spara	Gem	Opslaan	Tallenna	Speichern	Lagre
endBeforeStartError	End date can't be before start date	Slutdatum kan inte vara före startdatum	Slutdato kan ikke være før startdato	Einddatum mag niet voor startdatum liggen	Päättymispäivä ei voi olla ennen alkamispäivää	Das Enddatum kann nicht vor dem Startdatum liegen	Sluttdato kan ikke være før startdato
speech	Speech	Tal	Tale	Spraak	Puhe	Ansagen	Tale
speechOnStart	Speech at Start time	Tal vid starttid	Tale ved starttid	Spraak op starttijd	Puhe aloitusaikaan	Ansage zum Startzeitpunkt	Tale ved starttid
speechOnEnd	Speech at End time	Tal vid sluttid	Tale ved sluttid	Spraak op eindtijd	Puhe päättymisaikaan	Ansage zum Endzeitpunkt	Tale ved sluttid
duration	Duration	Tidslängd	Tidslængde	Duur	Kesto	Dauer	Varighet
stop	Stop	Stopp	Stop	Stoppen	Pysäytä	Stopp	Stopp
play	Play	Lyssna	Afspel	Afspelen	Toista	Wiedergabe	Spill av
enterNameForActivity	Enter name for activity	Skriv in namn för aktivitet	Indtast navn på aktiviteten	Voer naam voor activiteit in	Anna aktiviteetille nimi	Name für Aktivität eingeben	Skriv inn navnet på aktiviteten
							
### Errors & warnings							
error	Error	Fel	Fejl	Fout	Virhe	Error	Feil
warning	Warning	Varning	Advarsel	Waarschuwing	Varoitus	Warnung	Advarsel
missingTitleOrImageAndStartTime	Your activity should contain an image or name and start time.	Aktiviteten måste ha ett namn eller en bild och en starttid.	Aktiviteten skal have et navn eller et billede og et starttidspunkt.	Je activiteit moet een afbeelding of naam en starttijd bevatten.	Toimintasi tulisi sisältää kuva tai nimi ja aloitusaika.	Ihre Aktivität sollte ein Bild oder einen Namen und eine Startzeit enthalten.	Aktiviteten må ha et navn ellet et bilde og en starttid.
missingTitleOrImage	An activity needs an image or a name.	En aktivitet måste ha antingen en bild eller ett namn.	En aktivitet skal have enten et billede eller et navn.	Deze activiteit heeft een afbeelding of een naam nodig.	Tämä aktiviteetti tarvitsee kuvan tai nimen.	Diese Aktivität braucht ein Bild oder einen Namen.	En aktivitet må ha enten et bilde eller et navn.
missingStartTime	You must enter a start time.	Du måste ange en starttid.	Du skal angive en starttid.	U moet een starttijd instellen.	Anna aloitusaika.	Sie müssen eine Startzeit eingeben:	En aktivitet må ha en starttid.
startTimeBeforeNowError	You have selected a start time which has already passed. This is not allowed.	Du har valt en starttid som är före aktuell tid. Det är inte tillåtet.	Starttiden er allerede passeret. Det er ikke tilladt.	U heeft een starttijd geselecteerd die al voorbij is. Dit is niet toegestaan.	Valitsit aloitusajan, joka on jo mennyt. Tätä ei sallita.	Die gewählte Startzeit liegt in der Vergangenheit. Dies ist nicht zulässig.	Starttiden er allerede passert. Det er ikke tillatt.
startTimeBeforeNowWarning	You have selected a start time which has already passed. Press OK to continue.	Du har valt en starttid som är före aktuell tid. Tryck ok om du vill fortsätta.	Starttiden er allerede passeret. Tryk på OK for at fortsætte.	U heeft een starttijd geselecteerd die al voorbij is. Druk op OK om door te gaan.	Valitsit aloitusajan, joka on jo mennyt. Jatka painamalla OK.	Die gewählte Startzeit liegt in der Vergangenheit. Drücken Sie auf OK, um fortzufahren.	Starttiden er allerede passert. Trykk på OK for å fortsette.
conflictWarning	There are activities conflicting with this activity. Press OK to continue.	Det finns aktiviteter som krockar med din aktivitet. Tryck ok om du vill fortsätta.	Der er aktiviteter, der falder sammen med denne aktivitet. Tryk på OK for at fortsætte.	Er zijn activiteiten die conflicteren met deze activiteit. Druk op OK om door te gaan.	On olemassa aktiviteetteja, jotka ovat ristiriidassa tämän aktiviteetin kanssa. Jatka painamalla OK.	Mit dieser Aktivität stehen andere Aktivitäten im Konflikt. Drücken Sie auf OK, um fortzufahren.	Der er aktiviteter som kolliderer med denne aktivitet. Trykk på OK for å fortsette.
noTemplateActivityError1	There are no templates and you have not selected name or image in adding an activity step-by-step.	Det finns inga mallar och du har inte valt namn och bild i lägga in stegvis.	Der er ingen skabeloner, og du har ikke valgt navn og billede i sekvensmodus.	Er zijn geen sjablonen en u heeft geen naam of afbeelding geselecteerd in het stap voor stap toevoegen van een activiteit.	Mallit ei ole, etkä ole valinnut nimeä tai kuvaa lisätessäsi aktiviteettia vaiheittain.	Es gibt keine vorlagen und Sie haben beim schrittweisen Hinzufügen einer Aktivität keinen Namen oder kein Bild ausgewählt.	Det er ingen maler, og du har ikke valgt navn og bilde i sekvensmodus.
noTemplateActivityError2	To fix this, either create templates or select either name or image for step-by-step.	För att åtgärda, skapa mallar eller aktivera antingen namn eller bild i lägga in stegvis.	For at fikse det skal der oprettes skabeloner eller aktiveres enten navn eller billede i sekvensmodus.	Om dit op te lossen creëert u sjablonen of selecteer een naam of afbeelding voor stap voor stap.	Korjaa tämä joko luomalla mallit tai valitsemalla joko nimi tai kuva vaiheittaisten ohjeiden mukaisesti.	Um dies zu beheben, erstellen Sie entweder vorlagen oder wählen einen Namen oder ein Bild für die schrittweise Prozedur aus.	For å fikse, opprette noen maler eller aktivere enten navn eller bilde i sekvensmodus.
missingRequiredActivitySetting	You need either “Show templates”, “Select name” or “Select image” selected.	Du behöver ha antingen “Visa mallar”, “Välj namn”, eller “Välj bild” vald.	Du skal have enten “Vis skabeloner”, “Vælg navn”, eller “Vælg billede” valgt.	U moet ofwel “Toon sjablonen”, “Naam selecteren” of “Afbeelding selecteren” selecteren.	Sinun on valittava joko “Näytä mallit”, “Valitse nimi” tai “Valitse kuva”.	Sie müssen entweder “Vorlagen anzeigen”, “Namen auswählen” oder “Bild auswählen” auswählen.	Du må ha enten “Vis maler”, “Velg navn”, eller “Velg bilde” valgt.
							
### Privacy							
availableFor	Available for	Tillgänglig för	Fås til	Beschikbaar voor	Käytettävissä	Verfügbar für	Tilgjengelig for
activityAvailableFor	Available for	Tillgänglig för	Fås til	Beschikbaar voor	Käytettävissä	Verfügbar für	Tilgjengelig for
allSupportPersons	All my support persons	Alla mina stödpersoner	Alle mine støttepersoner	Al mijn ondersteuningspersonen	Kaikki tukihenkilöt	Alle meine Hilfspersonen	Alle mine støttepersoner
onlyMe	Only me	Bara mig	Bare mig	Mij alleen	Vain minä	Nur für mich	Bare meg
selectedSupportPersons	Selected support persons	Utvalda stödpersoner	Udvalgte støttepersoner	Specifieke ondersteuningspersonen	Erityiset tukihenkilöt	Bestimmte Hilfspersonen	Utvalgte støttepersoner
supportPersons	Support persons	Stödpersoner	Støttepersoner	Ondersteuningspersonen	Tukihenkilöt	Hilfspersonen	Støttepersoner
							
### Alarm							
selectAlarmType	Select alarm	Ange larm	Vælg alarm	Alarm selecteren	Valitse hälytys	Alarm auswählen	Angi alarm
alarmAndVibration	Alarm + vibration	Larm + vibration	Alarm + vibration	Alarm + trilfunctie	Hälytys + värinä	Alarm + Vibration	Alarm + Vibrasjon
vibrationIfAvailable	Vibration (if available)	Vibration (om tillgängligt)	Vibration (hvis tilgængelig)	Trilfunctie (indien beschikbaar)	Värinä (jos käytettävissä)	Vibration (falls verfügbar)	Vibrasjon (hvis tilgjengelig)
noAlarm	No alarm	Inget larm	Ingen alarm	Geen alarm	Ei hälytystä	Kein Alarm	Ingen alarm
silentAlarm	Silent alarm	Tyst larm	Stille alarm	Stil alarm	Äänetön hälytys	Stiller Alarm	Stille alarm
alarmOnlyAtStartTime	Alarm only at Start time	Larm endast vid starttid	Kun alarm ved starttidspunkt	Alarm alleen op begintijd	Vain hälytys alkamisaikaan	Alarm nur zur Startzeit	Alarm kun på starttid
alertAlarmsDisabled	All alarms will be disabled until midnight on this device	Alla larm kommer att inaktiveras fram till midnatt på den här enheten	Alle alarmer vill være deaktivert til midnatt på denne enheten	Alle alarmen worden tot middernacht uitgeschakeld op dit toestel	Kaikki tämän laitteen hälytykset poistetaan käytöstä keskiyöhön asti	Alle Alarme auf diesem Gerät werden bis Mitternacht deaktiviert	Alle alarmer deaktiveres indtil midat på denne enhed
disableAlarms	Disable alarms	Inaktivera larm	Deaktiver alarmer	Alarmen uitschakelen	Poista hälytykset käytöstä	Alarme deaktivieren	Deaktiver alarmer
							
### Select picture							
selectImage	Select image	Välj bild	Vælg billede	Afbeelding selecteren	Valitse kuva	Bild auswählen	Velg bilde
removeImage	Remove image	Ta bort bild	Fjern billede	Afbeelding verwijderen	Poista kuva	Entferne Bild	Fjern bildet
imageArchive	Image Archive	Bildarkiv	Billedarkiv	Afbeeldingenarchief	Kuva-arkisto	Bildarchiv	Bildearkiv
devicesLocalImages	Device’s local images	Enhetens bilder	Enhedens billeder	Afbeeldingen van het apparaat	Laitteen kuvat	Bilder des Geräts	Enhetens bilder
myPhotos	My photos	Mina foton	Mine fotos	Mijn foto's	Omat valokuvat	Meine Fotos	Mine foto
mobilePictures	Mobile pictures	Mobilbilder	Telefonbilleder	Telefoonafbeeldingen	Matkapuhelimen kuvat	Mobilgerät Bilder	Mobilbilder
takeNewPhoto	Take new photo	Ta ny bild	Tag et nyt billede	Nieuwe foto nemen	Ota uusi kuva	Neues Foto machen	Ta nytt bilde
							
### Recurrence							
recurrence	Recurrence	Upprepning	Gentagelse	Terugkerend	Toistuminen	Intervall	Gjentakelse
once	Once	Enstaka	En gang	Eén keer	Kerran	Einmal	En gang
weekly	Weekly	Veckovis	Ugentlig	Wekelijks	Viikoittain	Wöchentlich	Ukentlig
monthly	Monthly	Månadsvis	Månedlig	Maandelijks	Kuukausittain	Monatlich	Månedlig
yearly	Yearly	Årsvis	Årlig	Jaarlijks	Vuosittain	Jährlich	Årlig
noEndDate	No end date	Inget slutdatum	Ingen slutdato	Geen einddatum	Ei päättymispäivää	Kein Enddatum	Uten sluttdato
endDate	End date	Slutdatum	Slutdato	Einddatum	Päättymispäivä	Enddatum	Sluttdato
everyOtherWeek	Every other week	Varannan vecka	Hver anden uge	Om de week	Kahden viikon välein	Vierzehntägig	Annenhver uke
recurringDataEmptyErrorMessage	Select at least one day.	Välj minst en dag.	Vælg mindst en dag	Selecteer ten minste één dag.	Valitse vähintään yksi päivä.	Mindestens einen Tag auswählen.	Velg minst en dag.
endDateNotSpecifiedErrorMessage	You must enter an end date.	Du måste ange ett slutdatum.	Du skal angive en slutdato.	U moet een einddatum instellen.	Syötä päättymispäivä.	Sie müssen ein Enddatum eingeben.	Du må oppgi en sluttdato
selectAll	Select all	Markera alla	Markere alle	Alles selecteren	Valitse kaikki	Alles auswählen	Markere alle
deselectAll	Deselect all	Avmarkera alla	Fravælg alle	Alles deselecteren	Poista kaikki valinnat	Auswahl aufheben	Avmarkere alle
mo	Mon	mån	man	Ma	Ma	Mo	man
tu	Tue	tis	tir	Di	Ti	Di	tir
we	Wed	ons	ons	Wo	Ke	Mi	ons
th	Thu	tor	tor	Do	To	Do	tor
fr	Fri	fre	fre	Vr	Pe	Fr	fre
sa	Sat	lör	lør	Za	La	Sa	lør
su	Sun	sön	søn	Zo	Su	So	søn
							
### Info item							
extra	Extra	Extra	Ekstra	Extra	Ekstrat	Extra	Ekstra
infoType	Select extra function	Välj extra funktion	Vælg ekstra funktion	Extra functie selecteren	Valitse lisätoiminto	Extrafunktion auswählen	Velg ekstra funksjon
selectInfoType	Select extra function	Välj extra funktion	Vælg ekstra funktion	Extra functie selecteren	Valitse lisätoiminto	Extrafunktion auswählen	Velg ekstra funksjon
infoTypeNone	No extra function selected	Ingen extra funktion vald	Ingen yderligere funktion er valgt	Geen extra functie geselecteerd	Lisätoimintoa ei ole valittu	Keine Extrafunktion ausgewählt	Ingen ekstra funksjon valgt
addChecklist	Add checklist	Lägg till checklista	Tilføj tjekliste	Checklist toevoegen	Lisää tarkistusluettelo	Checkliste hinzufügen	Legg til sjekkliste
addNote	Add note	Lägg till anteckning	Tilføj note	Notitie toevoegen	Lisää muistiinpano	Hinweis hinzufügen	Legg til notat
typeSomething	Type something…	Skriv något…	Skriv noget…	Typ iets	Kirjoita jotain	Geben Sie etwas ein…	Skriv noe…
enterText	Enter text	Skriv text	Indtast tekst	Voer tekst in	Kirjoita teksti	Text eingeben	Skriv inn tekst
clear	Clear	Rensa	Slet	Verwijderen	Poista	Entfernen	Slette
selectFromLibrary	Select from library	Välj från bibliotek	Vælg fra bibliotek	Selecteren uit bibliotheek	Valitse kirjastosa	Aus Bibliothek wählen	Velg fra bibliotek
addNew	Add new	Lägg till ny	Tilføj	Toevoegen	Lisää	Hinzufügen	Legg til
task	Task	Uppgift	Opgave	Taak	Tehtävä	Aufgabe	Oppgave
enterTask	Enter task	Ange uppgift	Indtast opgave	Voer taak in	Syötä tehtävä	Aufgabe eingeben	Legg inn oppgave
							
### Quick settings							
screenBrightness	Screen brightness	Skärmens ljusstyrka	Skærmens lysstyrke	Schermhelderheid	Näytön kirkkaus	Bildschirmhelligkeit	Skjermens lysstyrke
battery	Battery	Batteri	Batteri	Batterij	Akku	Akkus	Batteri
clickSound	Click Sound	Klickljud	Kliklyd	Klikgeluid	Kosketusääni	Klang anklicken	Lyd ved valg
volumeAlarm	Volume for alarm	Volym för alarm	Volumen for alarm	Volume voor alarm	Hälytyksen äänenvoimakkuus	Lautstärke für Alarm	Volum for alarm
volumeMedia	Volume for media	Volym för media	Volumen for media	Volume voor media	Median äänenvoimakkuus	Lautstärke für Medien	Volum for media
wifi	Wi-Fi	Wi-Fi	Wi-Fi	Wifi	Wi-Fi	WLAN	Wi-Fi
notConnected	Not connected	Ej ansluten	Ikke tilsluttet	Niet verbonden	Ei yhteyttä	Nicht verbunden	Ikke tilkoblet
connected	Connected	Ansluten	Tilsluttet	Verbonden	Yhdistetty	Verbunden	Tilkoblet
screenTimeout	Screen timeout	Skärmens tidsgräns	Skærmens tidsgrænse	Timeout scherm	Näytön pimennys	Bildschirm Zeitüberschreitung	Skjermens tidsgrense
alwaysOn	Always on	Alltid på	Altid på	Altijd aan	Aina käytössä	Immer ein	Alltid på
keepScreenAwakeWhileCharging	Keep screen awake when charging	Håll skärmen tänd vid laddning	Lad skærmen være tændt under opladning	Houd scherm wakker tijdens opladen	Pidä näyttö päällä latauksen aikana	Bildschirm während Aufladen aktiv lassen	Hold skjermen på ved lading
							
### Settings							
settings	Settings	Inställningar	Indstillinger	Instellingen	Asetukset	Einstellungen	Innstillinger
calendarView	Day Calendar	Dagkalender	Dagkalender	Dagkalender	Päiväkalenteri	Tageskalender	Dagkalender
oneTimePillarView	1 timepillar	1 tidpelare	1 tidslinje	1 tijdlijn	1 aikajana	1 Zeitstrahl	1 tidslinje
twoTimePillarsView	2 timepillars	2 tidspelare	2 tidslinjer	2 tijdlijnen	2 aikajanaa	2 Zeitstrahlen	2 tidslinjer
listView	List	Lista	Liste	Lijst	Luettelo	Liste	Liste
timepillarSettings	Timepillar settings	Inställningar för tidpelare	Tidslinjeindstillinger	Tijdlijn instellingen	Aikajanan asetukset	Zeitstrahl einstellungen	Innstillinger for tidslinje
activityDuration	Activity duration	Visa tid som	Vis tiden som	Laat de tijd zien als	Näytä aika muodossa	Zeit anzeigen als	Vise tiden som
dots	Dots	Prickar	Prikker	Stippen	Pisteet	Punkte	Prikker
edge	Edge	Flärp	Flik	Rand	Reuna	Kante	Flik
monthCalendarGrid	Simple	Enkel	Enkel	Eenvoudig	Helppo	Einfach	Enkel
monthCalendarPreview	Detailed	Detaljerad	Detaljeret	Gedetailleerd	Yksityiskohtainen	Ausführlich	Detaljert
textToSpeech	Speech support	Talstöd	Talestøtte	Spraakondersteuning	Puhetuki	Sprachausgabe	Talesyntese
longpressToSpeak	Tap and hold for speech support	Tryck och håll ned för talstöd	Tryk og hold nede for talestøtte	Tik en houd vast voor spraakondersteuning	Napauta ja pidä painettuna puhetukea varten	Tippen und halten Sie für die Sprachunterstützung	Trykk og hold for talestøtte
longPressInfoText	Tap and hold about 1½ seconds on any function to get it read to by speech synthesis	Tryck länge på någon text för att få den uppläst	Tryk og hold ca. 1½ sekund på enhver funktion for at få den læst til ved talesyntese	Tik en houd ongeveer 1½ seconde vast op een functie om deze te laten voorlezen door spraaksynthese	Napauta ja pidä painettuna noin 1,5 sekuntia mitä tahansa toimintoa saadaksesi sen lukemaan puheen synteesin avulla	Tippen und halten Sie etwa 1½ Sekunden lang auf eine Funktion, um sie durch Sprachsynthese lesen zu lassen	Trykk og hold i ca. 1½ sekund på en funksjon for å få den lest opp ved talesyntese
display	Display	Visa	Vise	Tonen	Näytä	Anzeige	Vise
viewMode	View mode	Visningsläge	Visningstilstand	Weergavemodus	Katselutila	Ansichtsmodus	Visningsmodus
dayInterval	Day interval	Intervall	Interval	Interval	Aikaväli	Intervall	Intervall
interval	Interval	Intervall	Interval	Interval	Aikaväli	Intervall	Intervall
intervals	Intervals	Intervaller	Intervaller	Intervallen	Aikavälit	Intervalle	Intervaller
categories	Categories	Kategorier	Kategorier	Categorieën	Kategoriat	Kategorien	Kategorier
viewDay	Day	Dagen	Dagen	Dag	Päivä	Tag	Dagen
dayAndNight	Day and night	Dygnet	Døgnet	Dag en nacht	Päivä ja yö	Tag und Nacht	Døgnet
timelineZoom	Timeline zoom	Tidslinjens zoom	Tidslinjens zoom	Zoom tijdlijn	Aikajanan zoomaus	Zeitstrahl Zoom	Tidslinjens zoom
small	Small	Liten	Lille	Klein	Pieni	Klein	Liten
medium	Medium	Mellan	Mellem	Medium	Keskikokoinen	Mittel	Mellom
large	Large	Stor	Stor	Groot	Suuri	Groß	Stor
system	System	System	System	Systeem	Järjestelmä	System	System
calendar	Calendar	Kalender	Kalender	Kalender	Kalenteri	Kalender	Kalender
functions	Functions	Funktioner	Funktioner	Functies	Toiminnot	Funktionen	Funksjoner
imagePicker	Image picker	Bildväljare	Billedvalg	Afbeeldingkiezer	Kuvanvalitsin	Bildauswahl	Bildevalg
general	General	Generellt	Generelt	Algemeen	Yleistä	Allgemeines	Generelt
dayCalendar	Day Calendar	Dagkalender	Dagkalender	Dagkalender	Päiväkalenteri	Tageskalender	Dagkalender
weekCalendar	Week Calendar	Veckokalender	Ugekalender	Weekkalender	Viikkokalenteri	Wochenkalender	Ukekalender
monthCalendar	Month Calendar	Månadskalender	Månedskalender	Maandkalender	Kuukausikalenteri	Monatskalender	Månedskalender
activityView	Activity View	Aktivitetsvy	Aktivitetssiden	Activiteitsweergave	Aktiviteettinäkymä	Aktivitätsanzeige	Aktivitetsvindu
addActivity	Add activity	Lägga in aktivitet	Indsæt aktivitet	Activiteit toevoegen	Lisää aktiviteetti	Aktivität hinzufügen	Legg inn aktivitet
alarmSettings	Alarm settings	Larminställningar	Alarmindstillinger	Alarminstellingen	Hälytysasetukset	Alarmeinstellungen	Alarminnstillinger
nonCheckableActivities	Non checkable activities	Ej kvitterbara aktiviteter	Ikke-kvitterbare aktiviteter	Niet-afvinkbare activiteiten	Ei-tarkistettavat aktiviteetit	Keine kontrollierbaren Aktivitäten	Ikke kvitterbare aktiviteter
checkableActivities	Checkable activities	Kvitterbara aktiviteter	Kvitterbare aktiviteter	Afvinkbare activiteiten	Tarkistettavat aktiviteetit	Kontrollierbare Aktivitäten	Kvitterbare aktiviteter
alarmTime	Alarm time	Larmtid	Alarmtid	Alarmtijd	Hälytysaika	Alarmzeit	Alarmtid
alert	Alert	Signal	Signal	Alert	Hälytys	Anruffunktion	Signal
defaultSound	Default	Förval	Forvalg	Voorselectie	Esivalinta	Vorauswahl	Forvalg
noSound	- No sound -	- Inget ljud -	- Ingen lyd -	- Geen geluid -	- Ei ääntä -	- Kein Klang -	- Ingen lyd -
showDisableAlarms	Show Disable alarms	Visa Inaktivera larm	Vis Deaktiver alarmer	Alarmen uitschakelen tonen	Näytä Poista hälytykset käytöstä-painike	Alarme deaktivieren anzeigen	Vis Deaktiver alarmer
showWeekNumber	Show week number	Visa veckonummer	Vis ugenummer	Weeknummer tonen	Näytä viikon numero	Wochennummer anzeigen	Vis ukenummer
showYear	Show year	Visa år	Vis år	Jaar tonen	Näytä vuosi	Jahr anzeigen	Vis år
everyDay	Every day (7)	Alla dagar (7)	Alle dage (7)	Elke dag (7)	Joka päivä (7)	Täglich (7)	Alle dager (7)
view	View	Vy	Side	Weergave	Näytä	Anzeigen	Vindu
viewSettings	View settings	Visa inställningar	Se indstillinger	Laat instellingen zien	Näytä asetukset	Einstellungen anzeigen	Visningsinnstillinger
typeOfDisplay	Type of display	Typ av visning	Type	Schermsoort	Näytön tyyppi	Bildschirmtyp	Type
timelineLength	Timeline length	Tidslinjens längd	Tid på døgnet	Lengte tijdlijn	Aikajanan pituus	Zeitstrahl Länge	Tid på døgnet
weekdays	Weekdays (5)	Vardagar (5)	Hverdage (5)	Weekdagen (5)	Arkisin (5)	Werktage (5)	Hverdager (5)
captions	Captions	Rubriker	Titler	Bijschriften	Otsikot	Unterschriften	Titler
columns	Columns	Kolumner	Kolonner	Kolommen	Sarakkeet	Spalten	Kolonner
headings	Headings	Rubriker	Titler	Kopteksten	Otsikot	Überschriften	Titler
allowPassedStartTime	Allow passed start time	Lägga in på passerad tid	Indsæt på passeret starttid	Verlopen Starttijd toestaan	Salli mennyt aloitusaika	Startzeit in der Vergangenheit erlauben	Legg inn på passert tid
addRecurringActivity	Add recurring activity	Lägga in återkommande aktivitet	>Indsæt gentagende aktivitet	Terugkerende activiteit toevoegen	Lisää toistuva aktiviteetti	Wiederkehrende Aktivität hinzufügen	Legg inn gjentakende aktivitet
showEndTime	Show end time	Visa sluttid	Vis sluttid	Eindtijd tonen	Näytä päättymisaika	Endezeit anzeigen	Vis sluttid
showAlarm	Show alarm	Visa larm	Vis alarm	Alarmen weergeven	Näytä hälytykset	Alarme anzeigen	Vis alarm
showVibrationAlarm	Show vibration	Visa vibration	Vis vibration	Trilfunctie tonen	Näytä värinä	Vibration anzeigen	Vis vibrasjon
showSilentAlarm	Show silent alarm	Visa tyst larm	Vis stille alarm	Stille alarmen weergeven	Näytä hiljaiset hälytykset	Stille Alarme anzeigen	Vis stille alarm
showNoAlarm	Show no alarm	Visa inget larm	Vis ingen alarm	Geen alarmen weergeven	Älä näytä hälytystä	Kein Alarm anzeigen	Vis ingen alarm
showAlarmOnlyAtStartTime	Show alarm only at start time	Larm endast vid starttid	Vis kun alarm ved starttidspunkt	Alarm alleen bij starttijd weergeven	Näytä hälytys vain alkamishetkellä	Alarm nur zur Startzeit anzeigen	Vis alarm kun på start tid
showSpeechAtAlarm	Show speech at alarm	Välj tal vid larm	Vælge tale ved alarm	Kies spraak bij alarm	Näytä puhe hälytyksessä	Ansage zum Alarm auswählen	Vis tale ved alarm
showReminders	Show reminders	Påminnelser	Vis påmindelser	Herinneringen weergeven	Näytä muistutukset	Erinnerungen anzeigen	Vis påminnelser
showSelectEndDate	Show select end date	Ange slutdatum	Vis vælg slutdato	Selecteer einddatum weergeven	Näytä valitse päättymispäivä	Enddatum auswählen anzeigen	Vis velg slutt dato
recurring	Recurring	Upprepning	Gentagende	Terugkerend	Toistuva	Wiederkehrend	Gjentakende
throughEditView	Through Edit View	Via Ändravyn	Via Redigersiden	Door bewerkweergave	Muokkausnäkymässä	Durch Bearbeitungsanzeige	Via endrevindu
androidSettings	Android Settings	Android-inställningar	Android-indstillinger	Android-instellingen	Android-asetukset	Android-Einstellungen	Android-innstillinger
stepByStep	Step-by-step	Stegvis	Trinvist	Stap voor stap	Vaihe vaiheelta	Schritt für Schritt	Via sekvens
showTemplates	Show templates	Visa mallar	Vis skabeloner	Toon sjablonen	Näytä mallit	Vorlagen anzeigen	Vis maler
selectName	Select name	Välj namn	Vælg navn	Naam selecteren	Valitse nimi	Name auswählen	Velg navn
selectDate	Select date	Välj datum	Vælg dato	Datum selecteren	Valitse päivämäärä	Datum auswählen	Velg dato
selectType	Select type	Välj typ	Vælg type	Type selecteren	Valitse tyyppi	Typ auswählen	Velg type
selectAllDay	Select all day	Välj heldag	Vælg hele dagen	Hele dag selecteren	Valitse koko päivä	Ganztägig auswählen	Velg hele dagen
selectCategory	Select category	Kategori	Vælg kategori	Categorie selecteren	Valitse luokka	Kategorie auswählen	Velg kategori
selectCheckable	Select checkable	Välj kvitterbar	Vælg kvittering	Afvinkbaarheid selecteren	Valitse tarkistettava	Kontrollierbar auswählen	Velg kvittering
selectAvailableFor	Select available for	Välj tillgänglig för	Vælg tilgængelig for	Selecteer beschikbaar voor	Valitse käytettävissä	Wählen Sie verfügbar für	Velg tilgjengelig for
selectAlarm	Select alarm	Välj larm	Vælg alarm	Alarm selecteren	Valitse hälytys	Alarm auswählen	Velg alarm
iOSAlarmTimeWarning	On an iPhone, alarm sounds can only be played for maximum 30 seconds	På en iPhone kan alarmljud bara spelas upp i maximalt 30 sekunder	På en iPhone kan alarmlyde kun afspilles i maksimalt 30 sekunder	Op een iPhone kunnen alarmgeluiden maximaal 30 seconden worden afgespeeld	IPhonessa hälytysääniä voidaan toistaa enintään 30 sekunnin ajan	Auf einem iPhone können Alarmtöne nur maximal 30 Sekunden lang abgespielt werden	På en iPhone kan alarmlyder bare spilles av i maksimalt 30 sekunder
selectChecklist	Select checklist	Välj checklista	Vælg tjekliste	Checklist selecteren	Valitse tarkistusluettelo	Checkliste auswählen	Velg sjekkliste
selectNote	Select note	Välj anteckning	Vælg note	Notitie selecteren	Valitse muistiinpano	Hinweis auswählen	Velg notat
selectReminder	Select reminder	Välj påminnelser	Vælg påmindelse	Herinnering selecteren	Valitse muistutus	Erinnerung auswählen	Velg påminnelser
add	Add	Lägg in	Indsæt	Toevoegen	Lisää	Hinzufügen	Legg inn
defaults	Defaults	Förval	Forvalg	Voorselectie	Esivalinta	Vorauswahl	Forvalg
onlyAppliesToGo	Only applies to MEMOplanner Go	Gäller endast MEMOplanner Go	Kun relevant for MEMOplanner Go	Geldt alleen voor MEMOplanner Go	Koskee vain MEMOplanner Gota	Gilt nur für MEMOplanner Go	Gjelder kun MEMOplanner Go
showOngoingActivityInFullScreen	Show ongoing activity in full screen	Visa pågående aktivitet i helskärm	Vis nuværende aktivitet i fuld skærm	Lopende activiteit in volledig scherm tonen	Näytä käynnissä oleva aktiviteetti koko näytössä	Laufende Aktivität im Vollbild zeigen	Vis gjeldende aktivitet i full skjerm
							
## Functions Settings							
toolbar	Toolbar	Knapprad	Værktøjslinje	Werkbalk	Työkalurivi	Symbolleiste	Knapperad
toolbarSettingsHint	Functions displayed in bottom of page	Funktioner som visas längst ner på sidan	Visninger vises i værktøjslinjen	Weergaven weergegeven in de werkbalk	Näkymät näkyvät työkalupalkissa	In der Symbolleiste angezeigte Ansichten	Visninger som vises på verktøylinjen
homeScreen	Home screen	Startsida	Startside	Thuisscherm	Aloitusnäyttö	Startbildschirm	Startside
homeScreenSettingsHint	View displayed when the home button is pressed	Visad vy vid tryck på hemknappen	Side der bliver vist ved tryk på hjemknappen	Weergave getoond als de homeknop wordt ingedrukt	Näkymä näytetään, kun aloitussivun painiketta painetaan	Wird nach Drücken der Schaltfläche Home angezeigt	Vindu som vil bli vist ved trykk på hjemknappen
timeout	Timeout	Timeout	Timeout	Time-out	Aikakatkaisu	Zeitüberschreitung	Timeout
timeoutSettingsHint	Returns to the home screen after a period of inactivity	Återgång till startsidan efter en tids inaktivitet	Gå tilbage til startsiden, efter en periode med inaktivitet	Gaat terug naar het thuisscherm na een periode van inactiviteit	Palaa aloitusnäyttöön käyttämättömyysjakson jälkeen	Rückkehr zum Startbildschirm nach einer Zeit der Inaktivität	Återgång till startsidan efter en tids inaktivitet
noTimeout	No timeout	Ingen timeout	Ingen timeout	Geen time-out	Ei aikakatkaisua	Keine Zeitüberschreitung	Ingen timeout
activateScreensaver	Activate Screensaver	Aktivera skärmsläckare	Aktivér pauseskærm	Screensaver activeren	Aktivoi näytönsäästäjä	Bildschirmschoner aktivieren	Aktiver skjermsparer
onlyActivateScreensaverDuringNight	Only activate screensaver during night	Aktivera skärmsläckare endast på natten	Aktiver kun pauseskærm om natten	Screensaver alleen 's nachts activeren	Ota näytönsäästäjä käyttöön vain öisin	Bildschirmschoner nur nachts aktivieren	Bare aktiver skjermsparer om natten
menuRemovalWarning	Do you really want to remove the Settings from the Menu? If you do, it will still be possible to access settings by clicking directly under the category symbols in the day calendar; left – right – left. This works even if they are hidden.	Vill du verkligen ta bort Inställningar från Menyn? I så fall startas inställningar genom att trycka direkt under kategorisymbolerna i dagkalendern; vänster – höger – vänster. Tryck på motsvarande yta om de saknas.	Er du sikker på, du vil slette Indstillinger fra menuen? Hvis det er tilfældet, skal du starte Indstillinger ved at trykke direkte nedenfor kategorisymbolerne i dagkalenderen; venstre - højre - venstre. Tryk på det tilsvarende område af det, der mangler.	Weet u zeker dat u de instellingen uit het menu wilt verwijderen? Als u dit doet, is het nog steeds mogelijk instellingen te openen door direct hieronder de categoriesymbolen in de dagkalender te klikken; links â€“ rechts â€“ links. Dit werkt zelfs als ze verborgen zijn.	Haluatko varmasti poistaa asetukset valikosta? Jos haluat, asetuksia on silti mahdollista käyttää klikkaamalla alla kategoriasymboleja päiväkalenterissa: vasen â€“ oikea â€“ vasen. Tämä toimii, vaikka ne olisi piilotettu.	Möchten Sie die Einstellungen wirklich aus dem Menü entfernen? Wenn Sie es tun, können Sie weiterhin auf die Einstellungen zugreifen, indem Sie unter Kategoriesymbole im Tageskalender anklicken; links â€“ rechts â€“ links. Dies funktioniert auch, wenn die Symbole ausgeblendet sind.	Ønsker du virkelig å slette Innstillinger fra Menyen? I så fall startes Innstillinger ved å trykke rett nedenfor kategorisymbolene i dagkalenderen; venstre - høyre - venstre. Trykk på tilsvarende område av den savnede.
menuItemsDisabled	all menu items are disabled	alla menyalternativ är inaktiverade	alle menupunkter er inaktiveret	alle menu-items zijn gedeactiveerd	kaikki valikkokohteet ovat pois käytöstä	alle Menüpunkte sind deaktiviert	alle menyvalg er deaktivert
							
## Month Calendar							
selectADayToViewDetails	Select a day to view more details	Välj en dag för att se mer detaljer	Vælg en dag for at se flere oplysninger	Selecteer een dag om meer details te bekijken	Valitse päivä nähdäksesi lisätietoja	Tag auswählen, um weitere Details anzuzeigen	Velg en dag for å se mer detaljer
## Day Calendar Settings							
topField	Top Field	Toppfält	Topfelt	Bovenste veld	Yläkenttä	Oberstes Feld	Toppfelt
showBrowseButtons	Show browse buttons	Visa bläddraknappar	Vis bladre-knapper	Toon bladerknoppen	Näytä selauspainikkeet	Suchschaltflächen anzeigen	Vis bla-knapper
showWeekday	Show weekday	Visa veckodag	Vis ugedag	Weekdag tonen	Näytä viikonpäivä	Wochentag anzeigen	Vis ukedag
showDayPeriod	Show time for day and night	Visa tid på dygnet	Vis tid på døgnet	Tijd voor dag en nacht tonen	Näytä aika päivälle ja yölle	Zeit für Tag und Nacht anzeigen	Vis tid på døgnet
showDate	Show date	Visa datum	Vis dato	Datum tonen	Näytä päivämäärä	Datum anzeigen	Vis dato
showClock	Show clock	Visa klocka	Vis ur	Toon klok	Näytä kello	Uhr anzeigen	Vis klokken
							
## Activity view Settings							
delete	Delete	Radera	Slet	Verwijderen	Poista	Löschen	Slett
edit	Edit	Ändra	Ændre	Bewerken	Muokkaa	Bearbeiten	Endre
showQuarterHourWatchBar	Show Quarter Hour Watch bar	Visa kvartur	Vis kvartur	Kwartierkijkbalk tonen	Näytä aikapylväsnäkymä	Viertelstunden-Balken anzeigen	Vis kvarterur
timeOnQuarterHourBar	Time on Quarter Hour bar	Tid på kvartur	Tid på kvartur	Tijd op kwartierbalk	Aika varttikellon palkissa	Zeit auf Viertelstunden-Balken	Tid på kvarterur
							
## Calendar General Settings							
clock	Clock	Klocka	Ur	Klok	Kello	Uhr	Klokke
analogueDigital	Analogue + digital	Analog + digital	Analog + digital	Analoog + digitaal	Analoginen + digitaalinen	Analog + digital	Analog + digital
analogue	Analogue	Analog	Analog	Analoog	Analoginen	Analog	Analog
digital	Digital	Digital	Digital	Digitaal	Digitaalinen	Digital	Digital
timeline	Timeline	Tidslinje	Tidslinje	Tijdlijn	Aikajana	Zeitstrahl	Tidslinje
earyMorning	early morning	morgon	morgen	ochtend	aamu	frühmorgens	morgen
twelveHourFormat	12 hours format	12 timmar format	12 timers format	12 uur formaat	12 tunnin muoto	12 Stunden Format	12 timers format
oneDot	One dot	En punkt	Et punkt	Eén punt	Yksi piste	Ein Punkt	Et punkt
columnOfDots	Column of dots	Pelare av punkter	Søjle af punkter	Kolommen van punten	Pistepylväs	Spalte aus Punkten	Pillar av punkter
lineAcrossCurrentTime	Line across current time	Linje på aktuell tid	Linje viser aktuel tid	Lijn door huidige tijd	Viiva nykyisen ajan kohdalla	Linie über aktueller Zeit	Linje viser aktuell tid
linesForEachHour	Lines for each hour	Linjer för varje timme	Linjer for hver time	Lijnen voor elk uur	Viivat jokaiselle tunnille	Linien für jede Stunde	Linjer for hver time
saturdayAndSunday	Saturday and Sunday	Lördag och söndag	Lørdag og søndag	Zaterdag en zondag	Lauantai ja sunnuntai	Samstag und Sonntag	Lørdag og søndag
dayColours	Day colours	Dagfärger	Dagfarver	Dagkleuren	Päivien värit	Tagesfarben	Dagfarger
noDayColours	No day colours	Inga dagfärger	Ingen dagsfarver	Geen dagkleuren	Ei päivien värejä	Keine Tagesfarben	Ingen dagfarger
showCagetories	Show categories	Visa kategorier	Vis kategorier	Categorieën tonen	Näyte kategoriat	Kategorien zeigen	Vis kategorier
showColours	Show colours	Visa färger	Vis farver	Kleuren tonen	Näytä värit	Farben zeigen	Vis farger
editCategory	Edit category	Redigera kategori	Rediger kategori	Bewerk categorie	Muokkaa kategoriaa	Kategorie bearbeiten	Rediger kategori
							
### Speech support settings							
speakEveryWord	Read out word when space bar is pressed	Uppläsning av ord vid tryck på mellanslag	Oplæs ord ved mellemrum	Woord voorlezen als er op de spatiebalk wordt gedrukt	Lue sana ääneen, kun välilyöntipainiketta painetaan	Bei gedrückter Leertaste Wort vorlesen	Opplesning av ord ved mellomrom
speechRate	Speech rate	Talhastighet	Talehastighed	Spraaksnelheid	Puhenopeus	Sprechtempo	Talehastighet
voice	Voice	Röst	Stemme	Stem	Ääni	Stimme	Stemme
noVoicesInstalled	No voices installed	Inga röster är installerade	Der er ikke installeret nogen stemmer	Geen stemmen geïnstalleerd	Ääniä ei ole asennettu	Keine Stimmen installiert	Ingen stemmer er installert
installing	Installing	Installerar	Installering	Installeren	Asentaa	Wird installiert	Installerer
testOfSpeechRate	Test of speech rate	Test av talhastighet	Test af talehastighed	Test van spraaksnelheid	Puhenopeuden testaus	Test des Sprechtempos	Test av talehastighet
voices	Voices	Röster	Stemmer	Stemmen	Äänet	Stimmen	Stemmer
							
### Code protect							
codeProtect	Code protect	Kodskydd	Kodebeskyttelse	Codebescherming	Suojakoodi	Schutz durch Code	Kodebeskyttelse
code	Code	Kod	Kode	Code	Koodi	Code	Kode
codeProtectSettings	Code protect settings	Kodskydda Inställningar	Kodebeskyt indstillinger	Codebeschermingsinstellingen	Suojaa asetukset koodilla	Einstellungen mit Code schützen	Kodebeskytt Innstillinger
codeProtectThisView	Code protect this view	Kodskydda denna vy	Kodebeskytte denne visning.	Deze weergave met code beschermen	Suojaa tämä näkymä koodilla	Diese Anzeige durch Code schützen	Kodebeskytte denne visning.
codeProtectAndroidSettings	Code protect Android Settings	Kodskydda Android-inställningar	Kodebeskyt Android-indstillinger	Codebeschermingsinstellingen Android	Suojaa Android-asetukset koodilla	Android-Einstellungen mit Code schützen	Kodebeskytt Android-innstillinger
enterCode	Enter code	Ange kod	Indtast kode	Voer code in	Syötä koodi	Code eingeben	Angi kode
enterYourCodeToAccess	Enter your code to access	Ange din kod för att komma åt	Indtast din kode for at få adgang	Voer uw code in om toegang te krijgen naar	Syötä koodi päästäksesi sisään	Geben Sie Ihren Code ein, um darauf zuzugreifen	Angi din kode for å få tilgang
enterNewCode	Enter new code	Ange ny kod	Angiv nyt kodeord	Voer nieuwe code in	Anna uusi koodi	Neuen Code eingeben	Angi ny kode
confirmCode	Confirm code	Bekräfta kod	Bekræft kodeord	Bevestig code	Vahvista koodi	Code bestätigen	Bekreft kode
incorrectCode	Incorrect code	Felaktig kod	Forkert kodeord	Onjuiste code	Virheellinen koodi	Falscher Code	Feil kode
							
### Permissions							
permissions	Permissions	Behörigheter	Tilladelser	Rechten	Käyttöoikeudet	Berechtigungen	Tillatelser
notifications	Notifications	Notiser	Notifikationer	Meldingen	Ilmoitukset	Benachrichtigungen	Notifikasjoner
accessToPhotos	Access to Photos	Tillgång till bilder	Adgang til fotos	Toegang tot foto's	Pääsy valokuviin	Zugang zu Fotos	Tilgang til bilder
accessToCamera	Access to Camera	Tillgång till kameran	Adgang til kamera	Toegang tot camera	Kameran käyttöoikeus	Zugang zur Kamera	Tilgang til kamera
allowNotifications	Allow notifications	Tillåt notiser	Tillad notifikationer	Meldingen toestaan	Salli ilmoitukset	Benachrichtigungen zulassen	Tillat notifikasjoner
allowNotificationsDescription1	Allow notifications to be able to get alarms and reminders from activities. You can do that from the	Tillåt notiser för att få larm och påminnelser från aktiviteter. Du kan göra det ifrån	Tillad notifikationer for at kunne modtage alarmer og påmindelser fra aktiviteter. Du kan gøre det fra	Sta meldingen toe om alarmen en herinneringen van activiteiten te kunnen ontvangen. U kunt dat doen vanaf de	Salli ilmoitusten saada hälytyksiä ja muistutuksia toiminnasta. Voit tehdä sen	Ermöglichen Sie Benachrichtigungen, Alarme und Erinnerungen von Aktivitäten zu erhalten. Sie können das von der tun	Tillat notifikasjoner for å få alarm og påminnelser fra aktiviteter. Du kan gjøre det fra
settingsLink	settings	inställningar	indstillinger	instellingen	asetukset	die Einstellungen	innstillinger
turnOffNotifications	Turn off notifications?	Stäng av notiser?	Slå notifikationer fra	Zet de meldingen uit?	Laita ilmoitukset pois päältä?	Benachrichtigungen abschalten?	Slå av notifikasjoner?
turnOffNotificationsBody	You will no longer be able to get alarms and reminders from activities.	Du kommer inte längre kunna få alarm och notiser för aktiviteter.	Du kan ikke længere modtage alarmer og notifikationer fra aktiviteter.	U kunt geen alarmen en herinneringen meer ontvangen van activiteiten.	Et voi enää saada hälytyksiä ja muistutuksia toiminnasta.	Sie können keine Alarme und Erinnerungen mehr an Aktivitäten erhalten.	Du vil ikke lengre få alarm og notifikasjoner fra aktiviteter
notificationsWarningHintText	Allow notifications to be able to get alarms and reminders from activities.	Tillåt notiser för att få larm och påminnelser för aktiviteter.	Tillad notifikationer for at kunne modtage alarmer og påmindelser for aktiviteter.	Sta meldingen toe om alarmen en herinneringen van activiteiten te kunnen ontvangen.	Salli ilmoitusten saada hälytyksiä ja muistutuksia toiminnasta.	Ermöglichen Sie Benachrichtigungen, Alarme und Erinnerungen von Aktivitäten zu erhalten.	Tillat notifikasjoner for å få alarm og påminnelser for aktiviteter
notificationsWarningText	Allow notifications from the settings to be able to receive alarms and reminders.	Tillåt notiser från inställningar för att få larm och påminnelser.	Tillad notifikationer fra indstillingerne for at kunne modtage alarmer og påmindelser.	Sta meldingen van de instellingen toe om alarmen en herinneringen te kunnen ontvangen.	Salli asetusten ilmoitusten vastaanottaa hälytyksiä ja muistutuksia.	Sta meldingen van de instellingen toe om alarmen en herinneringen te kunnen ontvangen.	Tillat notifikasjoner fra innstillinger for å få alarm og påminnelser
fullScreenAlarm	Full screen alarm	Helskärmslarm	Alarm i fuld skærm	Alarm op volledig scherm	Koko näytön hälytys	Vollbildalarm	Alarm i fullskjerm
redirectToAndroidSettings	You will be redirect to the Android settings.	Du kommer att omdirigeras till Android-inställningarna.	Du omdirigeres til Android-indstillingerne.	U wordt doorgestuurd naar de Android-instellingen.	Sinut ohjataan Android-asetuksiin.	Sie werden zu den Android-Einstellungen weitergeleitet.	Du vil bli omdirrigert til Android-innstillinger
fullScreenAlarmInfo	Allow this permission to be able to get full screen alarm of activities	Tillåt denna behörighet för att kunna få helskärmslarm om aktiviteter	Accepter denne tilladelse for at kunne få alarm i fuld skærm til aktiviteter	Sta deze toestemming toe om een alarm op volledig scherm van activiteiten te krijgen	Anna tämän oikeuden saada koko näytön hälytys toiminnoista	Ermöglichen Sie dieser Berechtigung, einen Vollbildalarm für Aktivitäten zu erhalten	Godta denne tillatelsen for å få alarm i fullskjerm for aktiviteter
allow	Allow	Tillåt	Tillad	Toestaan	Sallia	ermöglichen	Tillat
previewActivityTitle	Erik's birthday party	Eriks födelsedagskalas	Eriks fødselsdagsfest	Erik's verjaardagsfeestje	Erikin syntymäpäiväjuhlat	Eriks Geburtstagsfeier	Eiriks bursdagsselskap
allowAccessPhotosBody	Allow access to photos to be able to use photos from the device.	Tillåt behörighet till bilder för att ha möjlighet att använda bilder från enheten.	Tillad adgang til fotos for at kunne bruge fotos fra enheden.	Sta toegang tot foto's toe om foto's van het apparaat te kunnen gebruiken.	Salli valokuvien käyttö, jotta voit käyttää valokuvia laitteesta.	Ermöglichen Sie den Zugriff auf Fotos, um Fotos vom Gerät verwenden zu können.	Tillat tilgang til bilder for å ha mulighet til å bruke bilder fra enheten
allowAccessCameraBody	Allow access to camera to be able to take a photo from the device.	Tillåt behörighet till kameran för att ha möjlighet att ta bilder från enheten.	Tillad adgang til kameraet for at kunne tage et billede fra enheden.	Sta toegang tot de camera toe om een foto te kunnen maken vanaf het apparaat.	Salli kameran käyttö, jotta voit ottaa valokuvan laitteesta.	Ermöglichen Sie den Zugriff auf die Kamera, um ein Foto vom Gerät aufnehmen zu können.	Tillat tilgang til kamera for å ha mulighet til å ta bilder fra enheten
allowAccessBody2	You can always do that later from the	Du kan alltid göra det senare från	Du kan altid gøre det senere fra	U kunt dat later altijd doen vanuit het	Voit aina tehdä sen myöhemmin	Das können Sie später immer noch von der	Du kan alltids gjøre det senere fra
accessToMicrophone	Access to Microphone	Tillgång till mikrofon	Adgang til mikrofon	Toegang tot microfoon	Pääsy mikrofoniin	Zugang zum Mikrofon	Tilgang til mikrofon
allowAccessMicrophoneBody	Allow access to microphone to be able to record speech from the device	Tillåt åtkomst till mikrofon för att kunna spela in tal från enheten	Tillad adgang til mikrofon for at kunne optage tale fra enheden	Toegang tot microfoon toestaan om spraak van het apparaat op te nemen	Salli mikrofonin käyttö, jotta voit tallentaa puhetta laitteelta	Erlauben Sie den Zugriff auf das Mikrofon, um Sprache vom Gerät aufzeichnen zu können	Tillat tilgang til mikrofon for å kunne ta opp tale fra enheten
							
### About							
about	About	Information	Information	Informatie	Tiedot	Information	Informasjon
aboutMemoplanner	About	Information	Om	Over	Lisätietoja	Über	Om
licenseNumber	License number	Licensnyckel	Licensnummer	Licentienummer	Lisenssinumero	Lizenznummer	Lisens nummer
licenseValidDate	License valid date	Licensens slutdatum	Licens gyldighedsdato	Geldigheidsdatum licentie	Lisenssin viimeinen voimassaolopäivä	Gültigkeitsdatum Lizenz	Lisens gyldig dato
loggedInUser	Logged in user account	Inloggat användarkonto	Logget ind brugerkonto	Ingelogd gebruikersaccount	Kirjautunut käyttäjätili	Angemeldetes Benutzerkonto	Innlogget brukerkonto
aboutDevice	About the device	Om enheten	Om enheden	Over het apparaat	Tietoja laitteesta	Über das Gerät	Om enheten
deviceName	Device name	Enhetens namn	Enhedsnavn	Apparaatnaam	Laitteen nimi	Gerätename	Enhetsnavn
serialNumber	Serial number	Serienummer	Serienummer	Serienummer	Sarjanumero	Seriennummer	Serienummer
version	Version	Version	Version	Versie	Versio	Version	Versjon
androidVersion	Android version	Android-version	Android-version	Android-versie	Android-versio	Android-Version	Android versjon
iosVersion	iOS version	iOS-version	iOS-version	iOS-versie	iOS-versio	iOS-Version	iOS versjon
producer	Producer	Producent	Producent	Producent	Valmistaja	Hersteller	Produsent
searchForUpdate	Search for update	Sök uppdatering	Søg opdatering	Zoeken naar update	Etsi päivitystä	Nach neuerer Version suchen	Søk oppdatering
							
### Menu page							
camera	Camera	Kamera	Kamera	Camera	Kamera	Kamera	Kamera
photoCalendar	Photo calendar	Fotokalender	Billedekalender	Fotokalender	Kuvakalenteri	Fotokalender	Bildekalender
countdown	Countdown	Nedräkning	Nedtælling	Timers	Ajastin	Countdown	Nedtelling
quickSettingsMenu	Quick settings	Snabb-\ninställningar	Hurtig-\nindstillinger	Snelle\ninstellingen	Pika-\nasetukset	Schnell-\neinstellungen	Hurtig-\ninnstillinger
### Photo calendar							
allPhotos	All photos	Alla foton	Alle fotos	Alle foto's	Kaikki kuvat	Alle Fotos	Alle foto
addToPhotoCalendarQuestion	Do you want to add this photo to Photo-calendar?	Vill du lägga in detta foto i fotokalendern?	Ønsker du at tilføje dette foto til din fotokalender?	Wilt u deze foto toevoegen aan de fotokalender?	Haluatko lisätä tämän kuvan valokuvakalenteriin?	Möchten Sie dieses Foto dem Fotokalender hinzufügen?	Vil du legge inn dette foto i fotokalenderen?
removeFromPhotoCalendarQuestion	Do you want to remove this photo from Photo-calendar?	Vill du ta bort detta foto från fotokalendern?	Ønsker du at fjerne dette foto fra din fotokalender?	Wilt u deze foto uit de fotokalender verwijderen?	Haluatko poistaa tämän kuvan valokuvakalenterista?	Möchten Sie dieses Foto aus dem Fotokalender entfernen?	Vil du slette dette foto fra fotokalenderen?
remove	Remove	Ta bort	Slet	Verwijderen	Poista	Löschen	Fjern
doYouWantToDeleteThisPhoto	Are you sure you want to delete this photo?	Är du säker på att du vill radera detta foto?	Er du sikker på, du ønsker at slette dette foto?	Weet u zeker dat u deze foto wilt verwijderen?	Haluatko varmasti poistaa tämän kuvan?	Sind Sie sicher, dass Sie dieses Foto löschen möchten?	Er du sikker på at du vil slette dette foto?
							
### Starter set							
installStarterSet	Install starter set?	Installera startuppsättning?	Vil du installere startersættet?	Standaard dataset installeren?	Aseta aloitussarja	Einstiegspaket installieren?	Installere startoppsett?
doYouWantToImportADefaultSet	Do you want to import a default set of data with activities, timers, checklists and image archive?	Vill du importera startuppsättning av aktiviteter, timers, checklistor och bildarkiv?	Ønsker du at importere startopsætning med aktiviteter, timer, tjeklister og billedarkiv?	Wilt u een standaard dataset importeren met activiteiten, timers, checklists en afbeeldingenarchief?	Haluatko tuoda oletustiedot aktiviteettien, ajastimien, tarkistusluettelojen ja kuva-arkiston mukana?	Möchten Sie einen Standard-Datenbestand mit aktivitäten, Timern, Checklisten und Bildarchiv importieren?	Ønsker du å importere startoppsett av aktiviteter, timere, sjekklister og bildearkiv?
							
### Terms of use							
welcomeMemoplanner	Welcome to MEMOplanner 4					
readAndAgree	To use MEMOplanner 4, please read and agree to the terms of use and privacy policy					
							
### Start guide							
welcome	Welcome!	Välkommen!	Velkommen!	Welkom!	Tervetuloa!	Willkommen!	Velkommen!
welcomeText	This guide will help you get started with MEMOplanner.	Den här guiden hjälper dig att komma igång med MEMOplanner.	Denne guide vil hjælpe dig med at komme i gang med MEMOplanner.	Deze gids helpt u om aan de slag te gaan met MEMOplanner.	Tämä opas auttaa aloittamaan Memoplannerin käytön.	Dieser Assistent hilft Ihnen bei den ersten Schritten mit MEMOplanner.	Denne guiden vil hjelpe deg å komme i gang med MEMOplanner.
checkInternetConnection	Check your Internet connection	Kontrollera din internetanslutning	Kontroller din internetforbindelse	Controleer uw internetverbinding	Tarkista Internet-yhteys	Überprüfen Sie Ihre Internetverbindung	Sjekk din Internettforbindelse
step	Step	Steg	Trin	Stap	Vaihe	Schritt	Trinn
downloadVoiceText	Download voice for speech support	Ladda ner röst för talstöd	Download stemme til stemmerapport	Dowload stem voor spraakondersteuning	Lataa ääni puhetukea varten	Stimme für Sprachunterstützung herunterladen	Last ned stemme for talestøtte
finsish	Finish	Slutför	Afslut	Voltooien	Lopeta	Abschließen	Ferdig
notSelected	Not selected	Inte valt	Ikke valgt	Niet geselecteerd	Ei valittu	Nicht ausgewählt	Ikke valgt
